{"cameraMode":{"drawMode":0,"name":"Shaded","section":"Shading Mode"},"sceneLighting":true,"audioPlay":false,"sceneViewState":{"showFog":true,"showMaterialUpdate":false,"showSkybox":true,"showFlares":true,"showImageEffects":true,"showParticleSystems":true,"showVisualEffectGraphs":true,"m_FxEnabled":true},"in2DMode":false,"pivot":{"x":-3.0823020935058595,"y":0.26904332637786868,"z":-0.041594505310058597},"rotation":{"x":0.09318088740110398,"y":0.0003190954739693552,"z":0.00005343886004993692,"w":0.9957233667373657},"size":4.932517051696777,"orthographic":false}