{"cameraMode":{"drawMode":0,"name":"Shaded","section":"Shading Mode"},"sceneLighting":true,"audioPlay":false,"sceneViewState":{"showFog":true,"showMaterialUpdate":false,"showSkybox":true,"showFlares":true,"showImageEffects":true,"showParticleSystems":true,"showVisualEffectGraphs":true,"m_FxEnabled":true},"in2DMode":false,"pivot":{"x":9.871335983276368,"y":-2.7323646545410158,"z":2.1656532287597658},"rotation":{"x":0.17720042169094087,"y":0.08583386242389679,"z":-0.015411398373544217,"w":0.9803690910339356},"size":62.07337188720703,"orthographic":false}