{"cameraMode":{"drawMode":0,"name":"Shaded","section":"Shading Mode"},"sceneLighting":false,"audioPlay":false,"sceneViewState":{"showFog":true,"showMaterialUpdate":false,"showSkybox":true,"showFlares":true,"showImageEffects":true,"showParticleSystems":true,"showVisualEffectGraphs":true,"m_FxEnabled":true},"in2DMode":false,"pivot":{"x":-12.425285339355469,"y":-57.097564697265628,"z":34.641143798828128},"rotation":{"x":0.14032109081745149,"y":0.8062127232551575,"z":-0.21171818673610688,"w":0.5343353748321533},"size":127.04483795166016,"orthographic":false}