{"cameraMode":{"drawMode":0,"name":"Shaded","section":"Shading Mode"},"sceneLighting":false,"audioPlay":false,"sceneViewState":{"showFog":true,"showMaterialUpdate":false,"showSkybox":false,"showFlares":true,"showImageEffects":true,"showParticleSystems":true,"showVisualEffectGraphs":true,"m_FxEnabled":true},"in2DMode":false,"pivot":{"x":-0.005827754735946655,"y":0.9106773138046265,"z":0.026181109249591829},"rotation":{"x":-0.028452932834625245,"y":-0.9647923111915588,"z":0.11660480499267578,"w":-0.2342524379491806},"size":1.3514635562896729,"orthographic":false}